[
    {
        "url": "https://t.me/decenhash",
        "user": "",
        "date": "2025-07-12",
        "hash": "2897c612e89ec8e42ec195850295eb50f6cbad085d43bcee1e3983650fb981d0",
        "extension": ".png",
        "title": "Decenhash in Telegram",
        "category": "Telegram Group"
    },
    {
        "url": "https://decenhash.netlify.app/",
        "user": "",
        "date": "2025-07-12",
        "hash": "cce2999ddc79166926de5c5279db84c1d358cbbb952fbd201f8e11a85979ddde",
        "extension": ".png",
        "title": "opensource news",
        "category": "Telegram Group"
    }
]